system0,group0,name0,description0
system1,group1,name1,description1
system2,group2,name2,description2
system3,group3,name3,description3
system4,group4,name4,description4
system5,group5,name5,description5
system6,group6,name6,description6
system7,group7,name7,description7
system8,group8,name8,description8
system9,group9,name9,description9
system10,group10,name10,description10
system11,group11,name11,description11
system12,group12,name12,description12
system13,group13,name13,description13
system14,group14,name14,description14
system15,group15,name15,description15
system16,group16,name16,description16
system17,group17,name17,description17
system18,group18,name18,description18
system19,group19,name19,description19
system20,group20,name20,description20
system21,group21,name21,description21
system22,group22,name22,description22
system23,group23,name23,description23
system24,group24,name24,description24
system25,group25,name25,description25
system26,group26,name26,description26
system27,group27,name27,description27
system28,group28,name28,description28
system29,group29,name29,description29
system30,group30,name30,description30
system31,group31,name31,description31
system32,group32,name32,description32
system33,group33,name33,description33
system34,group34,name34,description34
system35,group35,name35,description35
system36,group36,name36,description36
system37,group37,name37,description37
system38,group38,name38,description38
system39,group39,name39,description39
system40,group40,name40,description40
system41,group41,name41,description41
system42,group42,name42,description42
system43,group43,name43,description43
system44,group44,name44,description44
system45,group45,name45,description45
system46,group46,name46,description46
system47,group47,name47,description47
system48,group48,name48,description48
system49,group49,name49,description49
system50,group50,name50,description50
system51,group51,name51,description51
system52,group52,name52,description52
system53,group53,name53,description53
system54,group54,name54,description54
system55,group55,name55,description55
system56,group56,name56,description56
system57,group57,name57,description57
system58,group58,name58,description58
system59,group59,name59,description59
system60,group60,name60,description60
system61,group61,name61,description61
system62,group62,name62,description62
system63,group63,name63,description63
system64,group64,name64,description64
system65,group65,name65,description65
system66,group66,name66,description66
system67,group67,name67,description67
system68,group68,name68,description68
system69,group69,name69,description69
system70,group70,name70,description70
system71,group71,name71,description71
system72,group72,name72,description72
system73,group73,name73,description73
system74,group74,name74,description74
system75,group75,name75,description75
system76,group76,name76,description76
system77,group77,name77,description77
system78,group78,name78,description78
system79,group79,name79,description79
system80,group80,name80,description80
system81,group81,name81,description81
system82,group82,name82,description82
system83,group83,name83,description83
system84,group84,name84,description84
system85,group85,name85,description85
system86,group86,name86,description86
system87,group87,name87,description87
system88,group88,name88,description88
system89,group89,name89,description89
system90,group90,name90,description90
system91,group91,name91,description91
system92,group92,name92,description92
system93,group93,name93,description93
system94,group94,name94,description94
system95,group95,name95,description95
system96,group96,name96,description96
system97,group97,name97,description97
system98,group98,name98,description98
system99,group99,name99,description99
system100,group100,name100,description100
system101,group101,name101,description101
system102,group102,name102,description102
system103,group103,name103,description103
system104,group104,name104,description104
system105,group105,name105,description105
system106,group106,name106,description106
system107,group107,name107,description107
system108,group108,name108,description108
system109,group109,name109,description109
system110,group110,name110,description110
system111,group111,name111,description111
system112,group112,name112,description112
system113,group113,name113,description113
system114,group114,name114,description114
system115,group115,name115,description115
system116,group116,name116,description116
system117,group117,name117,description117
system118,group118,name118,description118
system119,group119,name119,description119
system120,group120,name120,description120
system121,group121,name121,description121
system122,group122,name122,description122
system123,group123,name123,description123
system124,group124,name124,description124
system125,group125,name125,description125
system126,group126,name126,description126
system127,group127,name127,description127
system128,group128,name128,description128
system129,group129,name129,description129
system130,group130,name130,description130
system131,group131,name131,description131
system132,group132,name132,description132
system133,group133,name133,description133
system134,group134,name134,description134
system135,group135,name135,description135
system136,group136,name136,description136
system137,group137,name137,description137
system138,group138,name138,description138
system139,group139,name139,description139
system140,group140,name140,description140
system141,group141,name141,description141
system142,group142,name142,description142
system143,group143,name143,description143
system144,group144,name144,description144
system145,group145,name145,description145
system146,group146,name146,description146
system147,group147,name147,description147
system148,group148,name148,description148
system149,group149,name149,description149
system150,group150,name150,description150
system151,group151,name151,description151
system152,group152,name152,description152
system153,group153,name153,description153
system154,group154,name154,description154
system155,group155,name155,description155
system156,group156,name156,description156
system157,group157,name157,description157
system158,group158,name158,description158
system159,group159,name159,description159
system160,group160,name160,description160
system161,group161,name161,description161
system162,group162,name162,description162
system163,group163,name163,description163
system164,group164,name164,description164
system165,group165,name165,description165
system166,group166,name166,description166
system167,group167,name167,description167
system168,group168,name168,description168
system169,group169,name169,description169
system170,group170,name170,description170
system171,group171,name171,description171
system172,group172,name172,description172
system173,group173,name173,description173
system174,group174,name174,description174
system175,group175,name175,description175
system176,group176,name176,description176
system177,group177,name177,description177
system178,group178,name178,description178
system179,group179,name179,description179
system180,group180,name180,description180
system181,group181,name181,description181
system182,group182,name182,description182
system183,group183,name183,description183
system184,group184,name184,description184
system185,group185,name185,description185
system186,group186,name186,description186
system187,group187,name187,description187
system188,group188,name188,description188
system189,group189,name189,description189
system190,group190,name190,description190
system191,group191,name191,description191
system192,group192,name192,description192
system193,group193,name193,description193
system194,group194,name194,description194
system195,group195,name195,description195
system196,group196,name196,description196
system197,group197,name197,description197
system198,group198,name198,description198
system199,group199,name199,description199
system200,group200,name200,description200
system201,group201,name201,description201
system202,group202,name202,description202
system203,group203,name203,description203
system204,group204,name204,description204
system205,group205,name205,description205
system206,group206,name206,description206
system207,group207,name207,description207
system208,group208,name208,description208
system209,group209,name209,description209
system210,group210,name210,description210
system211,group211,name211,description211
system212,group212,name212,description212
system213,group213,name213,description213
system214,group214,name214,description214
system215,group215,name215,description215
system216,group216,name216,description216
system217,group217,name217,description217
system218,group218,name218,description218
system219,group219,name219,description219
system220,group220,name220,description220
system221,group221,name221,description221
system222,group222,name222,description222
system223,group223,name223,description223
system224,group224,name224,description224
system225,group225,name225,description225
system226,group226,name226,description226
system227,group227,name227,description227
system228,group228,name228,description228
system229,group229,name229,description229
system230,group230,name230,description230
system231,group231,name231,description231
system232,group232,name232,description232
system233,group233,name233,description233
system234,group234,name234,description234
system235,group235,name235,description235
system236,group236,name236,description236
system237,group237,name237,description237
system238,group238,name238,description238
system239,group239,name239,description239
system240,group240,name240,description240
system241,group241,name241,description241
system242,group242,name242,description242
system243,group243,name243,description243
system244,group244,name244,description244
system245,group245,name245,description245
system246,group246,name246,description246
system247,group247,name247,description247
system248,group248,name248,description248
system249,group249,name249,description249
system250,group250,name250,description250
system251,group251,name251,description251
system252,group252,name252,description252
system253,group253,name253,description253
system254,group254,name254,description254
system255,group255,name255,description255
system256,group256,name256,description256
system257,group257,name257,description257
system258,group258,name258,description258
system259,group259,name259,description259
system260,group260,name260,description260
system261,group261,name261,description261
system262,group262,name262,description262
system263,group263,name263,description263
system264,group264,name264,description264
system265,group265,name265,description265
system266,group266,name266,description266
system267,group267,name267,description267
system268,group268,name268,description268
system269,group269,name269,description269
system270,group270,name270,description270
system271,group271,name271,description271
system272,group272,name272,description272
system273,group273,name273,description273
system274,group274,name274,description274
system275,group275,name275,description275
system276,group276,name276,description276
system277,group277,name277,description277
system278,group278,name278,description278
system279,group279,name279,description279
system280,group280,name280,description280
system281,group281,name281,description281
system282,group282,name282,description282
system283,group283,name283,description283
system284,group284,name284,description284
system285,group285,name285,description285
system286,group286,name286,description286
system287,group287,name287,description287
system288,group288,name288,description288
system289,group289,name289,description289
system290,group290,name290,description290
system291,group291,name291,description291
system292,group292,name292,description292
system293,group293,name293,description293
system294,group294,name294,description294
system295,group295,name295,description295
system296,group296,name296,description296
system297,group297,name297,description297
system298,group298,name298,description298
system299,group299,name299,description299
system300,group300,name300,description300
system301,group301,name301,description301
system302,group302,name302,description302
system303,group303,name303,description303
system304,group304,name304,description304
system305,group305,name305,description305
system306,group306,name306,description306
system307,group307,name307,description307
system308,group308,name308,description308
system309,group309,name309,description309
system310,group310,name310,description310
system311,group311,name311,description311
system312,group312,name312,description312
system313,group313,name313,description313
system314,group314,name314,description314
system315,group315,name315,description315
system316,group316,name316,description316
system317,group317,name317,description317
system318,group318,name318,description318
system319,group319,name319,description319
system320,group320,name320,description320
system321,group321,name321,description321
system322,group322,name322,description322
system323,group323,name323,description323
system324,group324,name324,description324
system325,group325,name325,description325
system326,group326,name326,description326
system327,group327,name327,description327
system328,group328,name328,description328
system329,group329,name329,description329
system330,group330,name330,description330
system331,group331,name331,description331
system332,group332,name332,description332
system333,group333,name333,description333
system334,group334,name334,description334
system335,group335,name335,description335
system336,group336,name336,description336
system337,group337,name337,description337
system338,group338,name338,description338
system339,group339,name339,description339
system340,group340,name340,description340
system341,group341,name341,description341
system342,group342,name342,description342
system343,group343,name343,description343
system344,group344,name344,description344
system345,group345,name345,description345
system346,group346,name346,description346
system347,group347,name347,description347
system348,group348,name348,description348
system349,group349,name349,description349
system350,group350,name350,description350
system351,group351,name351,description351
system352,group352,name352,description352
system353,group353,name353,description353
system354,group354,name354,description354
system355,group355,name355,description355
system356,group356,name356,description356
system357,group357,name357,description357
system358,group358,name358,description358
system359,group359,name359,description359
system360,group360,name360,description360
system361,group361,name361,description361
system362,group362,name362,description362
system363,group363,name363,description363
system364,group364,name364,description364
system365,group365,name365,description365
system366,group366,name366,description366
system367,group367,name367,description367
system368,group368,name368,description368
system369,group369,name369,description369
system370,group370,name370,description370
system371,group371,name371,description371
system372,group372,name372,description372
system373,group373,name373,description373
system374,group374,name374,description374
system375,group375,name375,description375
system376,group376,name376,description376
system377,group377,name377,description377
system378,group378,name378,description378
system379,group379,name379,description379
system380,group380,name380,description380
system381,group381,name381,description381
system382,group382,name382,description382
system383,group383,name383,description383
system384,group384,name384,description384
system385,group385,name385,description385
system386,group386,name386,description386
system387,group387,name387,description387
system388,group388,name388,description388
system389,group389,name389,description389
system390,group390,name390,description390
system391,group391,name391,description391
system392,group392,name392,description392
system393,group393,name393,description393
system394,group394,name394,description394
system395,group395,name395,description395
system396,group396,name396,description396
system397,group397,name397,description397
system398,group398,name398,description398
system399,group399,name399,description399
system400,group400,name400,description400
system401,group401,name401,description401
system402,group402,name402,description402
system403,group403,name403,description403
system404,group404,name404,description404
system405,group405,name405,description405
system406,group406,name406,description406
system407,group407,name407,description407
system408,group408,name408,description408
system409,group409,name409,description409
system410,group410,name410,description410
system411,group411,name411,description411
system412,group412,name412,description412
system413,group413,name413,description413
system414,group414,name414,description414
system415,group415,name415,description415
system416,group416,name416,description416
system417,group417,name417,description417
system418,group418,name418,description418
system419,group419,name419,description419
system420,group420,name420,description420
system421,group421,name421,description421
system422,group422,name422,description422
system423,group423,name423,description423
system424,group424,name424,description424
system425,group425,name425,description425
system426,group426,name426,description426
system427,group427,name427,description427
system428,group428,name428,description428
system429,group429,name429,description429
system430,group430,name430,description430
system431,group431,name431,description431
system432,group432,name432,description432
system433,group433,name433,description433
system434,group434,name434,description434
system435,group435,name435,description435
system436,group436,name436,description436
system437,group437,name437,description437
system438,group438,name438,description438
system439,group439,name439,description439
system440,group440,name440,description440
system441,group441,name441,description441
system442,group442,name442,description442
system443,group443,name443,description443
system444,group444,name444,description444
system445,group445,name445,description445
system446,group446,name446,description446
system447,group447,name447,description447
system448,group448,name448,description448
system449,group449,name449,description449
system450,group450,name450,description450
system451,group451,name451,description451
system452,group452,name452,description452
system453,group453,name453,description453
system454,group454,name454,description454
system455,group455,name455,description455
system456,group456,name456,description456
system457,group457,name457,description457
system458,group458,name458,description458
system459,group459,name459,description459
system460,group460,name460,description460
system461,group461,name461,description461
system462,group462,name462,description462
system463,group463,name463,description463
system464,group464,name464,description464
system465,group465,name465,description465
system466,group466,name466,description466
system467,group467,name467,description467
system468,group468,name468,description468
system469,group469,name469,description469
system470,group470,name470,description470
system471,group471,name471,description471
system472,group472,name472,description472
system473,group473,name473,description473
system474,group474,name474,description474
system475,group475,name475,description475
system476,group476,name476,description476
system477,group477,name477,description477
system478,group478,name478,description478
system479,group479,name479,description479
system480,group480,name480,description480
system481,group481,name481,description481
system482,group482,name482,description482
system483,group483,name483,description483
system484,group484,name484,description484
system485,group485,name485,description485
system486,group486,name486,description486
system487,group487,name487,description487
system488,group488,name488,description488
system489,group489,name489,description489
system490,group490,name490,description490
system491,group491,name491,description491
system492,group492,name492,description492
system493,group493,name493,description493
system494,group494,name494,description494
system495,group495,name495,description495
system496,group496,name496,description496
system497,group497,name497,description497
system498,group498,name498,description498
system499,group499,name499,description499
system500,group500,name500,description500
system501,group501,name501,description501
system502,group502,name502,description502
system503,group503,name503,description503
system504,group504,name504,description504
system505,group505,name505,description505
system506,group506,name506,description506
system507,group507,name507,description507
system508,group508,name508,description508
system509,group509,name509,description509
system510,group510,name510,description510
system511,group511,name511,description511
system512,group512,name512,description512
system513,group513,name513,description513
system514,group514,name514,description514
system515,group515,name515,description515
system516,group516,name516,description516
system517,group517,name517,description517
system518,group518,name518,description518
system519,group519,name519,description519
system520,group520,name520,description520
system521,group521,name521,description521
system522,group522,name522,description522
system523,group523,name523,description523
system524,group524,name524,description524
system525,group525,name525,description525
system526,group526,name526,description526
system527,group527,name527,description527
system528,group528,name528,description528
system529,group529,name529,description529
system530,group530,name530,description530
system531,group531,name531,description531
system532,group532,name532,description532
system533,group533,name533,description533
system534,group534,name534,description534
system535,group535,name535,description535
system536,group536,name536,description536
system537,group537,name537,description537
system538,group538,name538,description538
system539,group539,name539,description539
system540,group540,name540,description540
system541,group541,name541,description541
system542,group542,name542,description542
system543,group543,name543,description543
system544,group544,name544,description544
system545,group545,name545,description545
system546,group546,name546,description546
system547,group547,name547,description547
system548,group548,name548,description548
system549,group549,name549,description549
system550,group550,name550,description550
system551,group551,name551,description551
system552,group552,name552,description552
system553,group553,name553,description553
system554,group554,name554,description554
system555,group555,name555,description555
system556,group556,name556,description556
system557,group557,name557,description557
system558,group558,name558,description558
system559,group559,name559,description559
system560,group560,name560,description560
system561,group561,name561,description561
system562,group562,name562,description562
system563,group563,name563,description563
system564,group564,name564,description564
system565,group565,name565,description565
system566,group566,name566,description566
system567,group567,name567,description567
system568,group568,name568,description568
system569,group569,name569,description569
system570,group570,name570,description570
system571,group571,name571,description571
system572,group572,name572,description572
system573,group573,name573,description573
system574,group574,name574,description574
system575,group575,name575,description575
system576,group576,name576,description576
system577,group577,name577,description577
system578,group578,name578,description578
system579,group579,name579,description579
system580,group580,name580,description580
system581,group581,name581,description581
system582,group582,name582,description582
system583,group583,name583,description583
system584,group584,name584,description584
system585,group585,name585,description585
system586,group586,name586,description586
system587,group587,name587,description587
system588,group588,name588,description588
system589,group589,name589,description589
system590,group590,name590,description590
system591,group591,name591,description591
system592,group592,name592,description592
system593,group593,name593,description593
system594,group594,name594,description594
system595,group595,name595,description595
system596,group596,name596,description596
system597,group597,name597,description597
system598,group598,name598,description598
system599,group599,name599,description599
system600,group600,name600,description600
system601,group601,name601,description601
system602,group602,name602,description602
system603,group603,name603,description603
system604,group604,name604,description604
system605,group605,name605,description605
system606,group606,name606,description606
system607,group607,name607,description607
system608,group608,name608,description608
system609,group609,name609,description609
system610,group610,name610,description610
system611,group611,name611,description611
system612,group612,name612,description612
system613,group613,name613,description613
system614,group614,name614,description614
system615,group615,name615,description615
system616,group616,name616,description616
system617,group617,name617,description617
system618,group618,name618,description618
system619,group619,name619,description619
system620,group620,name620,description620
system621,group621,name621,description621
system622,group622,name622,description622
system623,group623,name623,description623
system624,group624,name624,description624
system625,group625,name625,description625
system626,group626,name626,description626
system627,group627,name627,description627
system628,group628,name628,description628
system629,group629,name629,description629
system630,group630,name630,description630
system631,group631,name631,description631
system632,group632,name632,description632
system633,group633,name633,description633
system634,group634,name634,description634
system635,group635,name635,description635
system636,group636,name636,description636
system637,group637,name637,description637
system638,group638,name638,description638
system639,group639,name639,description639
system640,group640,name640,description640
system641,group641,name641,description641
system642,group642,name642,description642
system643,group643,name643,description643
system644,group644,name644,description644
system645,group645,name645,description645
system646,group646,name646,description646
system647,group647,name647,description647
system648,group648,name648,description648
system649,group649,name649,description649
system650,group650,name650,description650
system651,group651,name651,description651
system652,group652,name652,description652
system653,group653,name653,description653
system654,group654,name654,description654
system655,group655,name655,description655
system656,group656,name656,description656
system657,group657,name657,description657
system658,group658,name658,description658
system659,group659,name659,description659
system660,group660,name660,description660
system661,group661,name661,description661
system662,group662,name662,description662
system663,group663,name663,description663
system664,group664,name664,description664
system665,group665,name665,description665
system666,group666,name666,description666
system667,group667,name667,description667
system668,group668,name668,description668
system669,group669,name669,description669
system670,group670,name670,description670
system671,group671,name671,description671
system672,group672,name672,description672
system673,group673,name673,description673
system674,group674,name674,description674
system675,group675,name675,description675
system676,group676,name676,description676
system677,group677,name677,description677
system678,group678,name678,description678
system679,group679,name679,description679
system680,group680,name680,description680
system681,group681,name681,description681
system682,group682,name682,description682
system683,group683,name683,description683
system684,group684,name684,description684
system685,group685,name685,description685
system686,group686,name686,description686
system687,group687,name687,description687
system688,group688,name688,description688
system689,group689,name689,description689
system690,group690,name690,description690
system691,group691,name691,description691
system692,group692,name692,description692
system693,group693,name693,description693
system694,group694,name694,description694
system695,group695,name695,description695
system696,group696,name696,description696
system697,group697,name697,description697
system698,group698,name698,description698
system699,group699,name699,description699
system700,group700,name700,description700
system701,group701,name701,description701
system702,group702,name702,description702
system703,group703,name703,description703
system704,group704,name704,description704
system705,group705,name705,description705
system706,group706,name706,description706
system707,group707,name707,description707
system708,group708,name708,description708
system709,group709,name709,description709
system710,group710,name710,description710
system711,group711,name711,description711
system712,group712,name712,description712
system713,group713,name713,description713
system714,group714,name714,description714
system715,group715,name715,description715
system716,group716,name716,description716
system717,group717,name717,description717
system718,group718,name718,description718
system719,group719,name719,description719
system720,group720,name720,description720
system721,group721,name721,description721
system722,group722,name722,description722
system723,group723,name723,description723
system724,group724,name724,description724
system725,group725,name725,description725
system726,group726,name726,description726
system727,group727,name727,description727
system728,group728,name728,description728
system729,group729,name729,description729
system730,group730,name730,description730
system731,group731,name731,description731
system732,group732,name732,description732
system733,group733,name733,description733
system734,group734,name734,description734
system735,group735,name735,description735
system736,group736,name736,description736
system737,group737,name737,description737
system738,group738,name738,description738
system739,group739,name739,description739
system740,group740,name740,description740
system741,group741,name741,description741
system742,group742,name742,description742
system743,group743,name743,description743
system744,group744,name744,description744
system745,group745,name745,description745
system746,group746,name746,description746
system747,group747,name747,description747
system748,group748,name748,description748
system749,group749,name749,description749
system750,group750,name750,description750
system751,group751,name751,description751
system752,group752,name752,description752
system753,group753,name753,description753
system754,group754,name754,description754
system755,group755,name755,description755
system756,group756,name756,description756
system757,group757,name757,description757
system758,group758,name758,description758
system759,group759,name759,description759
system760,group760,name760,description760
system761,group761,name761,description761
system762,group762,name762,description762
system763,group763,name763,description763
system764,group764,name764,description764
system765,group765,name765,description765
system766,group766,name766,description766
system767,group767,name767,description767
system768,group768,name768,description768
system769,group769,name769,description769
system770,group770,name770,description770
system771,group771,name771,description771
system772,group772,name772,description772
system773,group773,name773,description773
system774,group774,name774,description774
system775,group775,name775,description775
system776,group776,name776,description776
system777,group777,name777,description777
system778,group778,name778,description778
system779,group779,name779,description779
system780,group780,name780,description780
system781,group781,name781,description781
system782,group782,name782,description782
system783,group783,name783,description783
system784,group784,name784,description784
system785,group785,name785,description785
system786,group786,name786,description786
system787,group787,name787,description787
system788,group788,name788,description788
system789,group789,name789,description789
system790,group790,name790,description790
system791,group791,name791,description791
system792,group792,name792,description792
system793,group793,name793,description793
system794,group794,name794,description794
system795,group795,name795,description795
system796,group796,name796,description796
system797,group797,name797,description797
system798,group798,name798,description798
system799,group799,name799,description799
system800,group800,name800,description800
system801,group801,name801,description801
system802,group802,name802,description802
system803,group803,name803,description803
system804,group804,name804,description804
system805,group805,name805,description805
system806,group806,name806,description806
system807,group807,name807,description807
system808,group808,name808,description808
system809,group809,name809,description809
system810,group810,name810,description810
system811,group811,name811,description811
system812,group812,name812,description812
system813,group813,name813,description813
system814,group814,name814,description814
system815,group815,name815,description815
system816,group816,name816,description816
system817,group817,name817,description817
system818,group818,name818,description818
system819,group819,name819,description819
system820,group820,name820,description820
system821,group821,name821,description821
system822,group822,name822,description822
system823,group823,name823,description823
system824,group824,name824,description824
system825,group825,name825,description825
system826,group826,name826,description826
system827,group827,name827,description827
system828,group828,name828,description828
system829,group829,name829,description829
system830,group830,name830,description830
system831,group831,name831,description831
system832,group832,name832,description832
system833,group833,name833,description833
system834,group834,name834,description834
system835,group835,name835,description835
system836,group836,name836,description836
system837,group837,name837,description837
system838,group838,name838,description838
system839,group839,name839,description839
system840,group840,name840,description840
system841,group841,name841,description841
system842,group842,name842,description842
system843,group843,name843,description843
system844,group844,name844,description844
system845,group845,name845,description845
system846,group846,name846,description846
system847,group847,name847,description847
system848,group848,name848,description848
system849,group849,name849,description849
system850,group850,name850,description850
system851,group851,name851,description851
system852,group852,name852,description852
system853,group853,name853,description853
system854,group854,name854,description854
system855,group855,name855,description855
system856,group856,name856,description856
system857,group857,name857,description857
system858,group858,name858,description858
system859,group859,name859,description859
system860,group860,name860,description860
system861,group861,name861,description861
system862,group862,name862,description862
system863,group863,name863,description863
system864,group864,name864,description864
system865,group865,name865,description865
system866,group866,name866,description866
system867,group867,name867,description867
system868,group868,name868,description868
system869,group869,name869,description869
system870,group870,name870,description870
system871,group871,name871,description871
system872,group872,name872,description872
system873,group873,name873,description873
system874,group874,name874,description874
system875,group875,name875,description875
system876,group876,name876,description876
system877,group877,name877,description877
system878,group878,name878,description878
system879,group879,name879,description879
system880,group880,name880,description880
system881,group881,name881,description881
system882,group882,name882,description882
system883,group883,name883,description883
system884,group884,name884,description884
system885,group885,name885,description885
system886,group886,name886,description886
system887,group887,name887,description887
system888,group888,name888,description888
system889,group889,name889,description889
system890,group890,name890,description890
system891,group891,name891,description891
system892,group892,name892,description892
system893,group893,name893,description893
system894,group894,name894,description894
system895,group895,name895,description895
system896,group896,name896,description896
system897,group897,name897,description897
system898,group898,name898,description898
system899,group899,name899,description899
system900,group900,name900,description900
system901,group901,name901,description901
system902,group902,name902,description902
system903,group903,name903,description903
system904,group904,name904,description904
system905,group905,name905,description905
system906,group906,name906,description906
system907,group907,name907,description907
system908,group908,name908,description908
system909,group909,name909,description909
system910,group910,name910,description910
system911,group911,name911,description911
system912,group912,name912,description912
system913,group913,name913,description913
system914,group914,name914,description914
system915,group915,name915,description915
system916,group916,name916,description916
system917,group917,name917,description917
system918,group918,name918,description918
system919,group919,name919,description919
system920,group920,name920,description920
system921,group921,name921,description921
system922,group922,name922,description922
system923,group923,name923,description923
system924,group924,name924,description924
system925,group925,name925,description925
system926,group926,name926,description926
system927,group927,name927,description927
system928,group928,name928,description928
system929,group929,name929,description929
system930,group930,name930,description930
system931,group931,name931,description931
system932,group932,name932,description932
system933,group933,name933,description933
system934,group934,name934,description934
system935,group935,name935,description935
system936,group936,name936,description936
system937,group937,name937,description937
system938,group938,name938,description938
system939,group939,name939,description939
system940,group940,name940,description940
system941,group941,name941,description941
system942,group942,name942,description942
system943,group943,name943,description943
system944,group944,name944,description944
system945,group945,name945,description945
system946,group946,name946,description946
system947,group947,name947,description947
system948,group948,name948,description948
system949,group949,name949,description949
system950,group950,name950,description950
system951,group951,name951,description951
system952,group952,name952,description952
system953,group953,name953,description953
system954,group954,name954,description954
system955,group955,name955,description955
system956,group956,name956,description956
system957,group957,name957,description957
system958,group958,name958,description958
system959,group959,name959,description959
system960,group960,name960,description960
system961,group961,name961,description961
system962,group962,name962,description962
system963,group963,name963,description963
system964,group964,name964,description964
system965,group965,name965,description965
system966,group966,name966,description966
system967,group967,name967,description967
system968,group968,name968,description968
system969,group969,name969,description969
system970,group970,name970,description970
system971,group971,name971,description971
system972,group972,name972,description972
system973,group973,name973,description973
system974,group974,name974,description974
system975,group975,name975,description975
system976,group976,name976,description976
system977,group977,name977,description977
system978,group978,name978,description978
system979,group979,name979,description979
system980,group980,name980,description980
system981,group981,name981,description981
system982,group982,name982,description982
system983,group983,name983,description983
system984,group984,name984,description984
system985,group985,name985,description985
system986,group986,name986,description986
system987,group987,name987,description987
system988,group988,name988,description988
system989,group989,name989,description989
system990,group990,name990,description990
system991,group991,name991,description991
system992,group992,name992,description992
system993,group993,name993,description993
system994,group994,name994,description994
system995,group995,name995,description995
system996,group996,name996,description996
system997,group997,name997,description997
system998,group998,name998,description998
system999,group999,name999,description999
